,level_2,level_3,level_4,level_5,[LOGGING],RD81DL96_1,2,3,4
1,-13.0,1.0,2.0,-14.0,10708.0,32213.0,21206.0,10455.0,32728.0
2,8.0,1.0,2.0,5.0,18019.0,10596.0,3429.0,29286.0,22631.0
3,15.0,1.0,2.0,15.0,6381.0,1518.0,29679.0,25328.0,21233.0
4,10.0,1.0,2.0,9.0,20343.0,18040.0,15993.0,14202.0,12667.0
5,16.0,1.0,2.0,15.0,27137.0,27394.0,27907.0,28676.0,29701.0
6,11.0,1.0,2.0,11.0,26763.0,29580.0,32653.0,3214.0,6799.0
7,18.0,1.0,2.0,18.0,15898.0,22555.0,29468.0,3869.0,11294.0
8,15.0,1.0,2.0,13.0,13988.0,23205.0,32678.0,9639.0,19624.0
9,16.0,1.0,2.0,17.0,4910.0,16687.0,28720.0,8241.0,20786.0
10,11.0,1.0,2.0,11.0,21432.0,3001.0,17594.0,32443.0,14780.0
11,16.0,1.0,2.0,17.0,30786.0,14915.0,32068.0,16709.0,1606.0
12,12.0,1.0,2.0,13.0,204.0,19661.0,6606.0,26575.0,14032.0
13,16.0,1.0,2.0,15.0,9563.0,92.0,23645.0,14686.0,5983.0
14,10.0,1.0,2.0,10.0,10213.0,3302.0,29415.0,23016.0,16873.0
15,16.0,1.0,2.0,17.0,17268.0,14197.0,11382.0,8823.0,6520.0
16,12.0,1.0,2.0,14.0,16382.0,15871.0,15616.0,15617.0,15874.0
17,17.0,1.0,2.0,18.0,8328.0,10377.0,12682.0,15243.0,18060.0
18,12.0,1.0,2.0,13.0,25874.0,30483.0,2580.0,7701.0,13078.0
19,19.0,1.0,2.0,18.0,9121.0,17570.0,26275.0,2468.0,11685.0
20,13.0,1.0,2.0,12.0,25131.0,3372.0,14637.0,26158.0,5167.0
21,17.0,1.0,2.0,18.0,1205.0,14774.0,28599.0,9912.0,24249.0
22,12.0,1.0,2.0,10.0,2879.0,19008.0,2625.0,19266.0,3395.0
23,19.0,1.0,2.0,18.0,30153.0,16074.0,2251.0,21452.0,8141.0
24,14.0,1.0,2.0,13.0,17491.0,5972.0,27477.0,16470.0,5719.0
25,17.0,1.0,2.0,16.0,20962.0,13283.0,5860.0,31461.0,24550.0
26,12.0,1.0,2.0,13.0,16497.0,12658.0,9075.0,5748.0,2677.0
27,19.0,1.0,2.0,18.0,7931.0,6652.0,5629.0,4862.0,4351.0
28,14.0,1.0,2.0,12.0,24965.0,26246.0,27783.0,29576.0,31625.0
29,16.0,1.0,2.0,17.0,2063.0,5904.0,10001.0,14354.0,18963.0
30,10.0,1.0,2.0,11.0,4761.0,11162.0,17819.0,24732.0,31901.0
31,18.0,1.0,2.0,18.0,14888.0,25129.0,2858.0,13611.0,24620.0
32,13.0,1.0,2.0,12.0,16050.0,28851.0,9140.0,22453.0,3254.0
33,16.0,1.0,2.0,16.0,10044.0,25405.0,8254.0,24127.0,7488.0
34,11.0,1.0,2.0,12.0,29638.0,14791.0,200.0,18633.0,4554.0
35,18.0,1.0,2.0,16.0,15957.0,4950.0,26967.0,16472.0,6233.0
36,12.0,1.0,2.0,13.0,1247.0,25568.0,17377.0,9442.0,1763.0
37,16.0,1.0,2.0,17.0,18030.0,13423.0,9072.0,4977.0,1138.0
38,12.0,1.0,2.0,10.0,1784.0,32505.0,30714.0,29179.0,27900.0
39,17.0,1.0,2.0,17.0,11138.0,11651.0,12420.0,13445.0,14726.0
40,12.0,1.0,2.0,13.0,13324.0,16397.0,19726.0,23311.0,27152.0
41,18.0,1.0,2.0,18.0,8342.0,13975.0,19864.0,26009.0,32410.0
42,11.0,1.0,2.0,11.0,6949.0,16422.0,26151.0,3368.0,13609.0
43,17.0,1.0,2.0,18.0,431.0,12464.0,24753.0,4530.0,17331.0
44,13.0,1.0,2.0,12.0,19513.0,1338.0,16187.0,31292.0,13885.0
45,16.0,1.0,2.0,17.0,31427.0,15812.0,453.0,18118.0,3271.0
46,11.0,1.0,2.0,12.0,6226.0,27219.0,15700.0,4437.0,26198.0
47,18.0,1.0,2.0,18.0,16604.0,7389.0,31198.0,22495.0,14048.0
48,13.0,1.0,2.0,13.0,21867.0,16492.0,11373.0,6510.0,1903.0
49,17.0,1.0,2.0,17.0,30709.0,27894.0,25335.0,23032.0,20985.0
50,11.0,1.0,2.0,10.0,32383.0,32128.0,32129.0,32386.0,131.0
51,18.0,1.0,2.0,17.0,26889.0,29194.0,31755.0,1804.0,4877.0
52,11.0,1.0,2.0,13.0,14227.0,19092.0,24213.0,29590.0,2455.0
53,16.0,1.0,2.0,16.0,1314.0,10019.0,18980.0,28197.0,4902.0
54,9.0,1.0,2.0,12.0,19884.0,31149.0,9902.0,21679.0,944.0
55,16.0,1.0,2.0,17.0,31286.0,12343.0,26424.0,7993.0,22586.0
56,14.0,1.0,2.0,13.0,21701.0,6598.0,24519.0,9928.0,28361.0
57,18.0,1.0,2.0,17.0,31567.0,19024.0,6737.0,27474.0,15699.0
58,11.0,1.0,2.0,11.0,1497.0,24282.0,14555.0,5084.0,28637.0
59,18.0,1.0,2.0,17.0,29795.0,22372.0,15205.0,8294.0,1639.0
60,12.0,1.0,2.0,12.0,29170.0,25587.0,22260.0,19189.0,16374.0
61,16.0,1.0,2.0,18.0,20609.0,20866.0,21379.0,22148.0,23173.0
62,11.0,1.0,2.0,12.0,20235.0,23052.0,26125.0,29454.0,271.0
63,19.0,1.0,2.0,19.0,12693.0,18070.0,23703.0,29592.0,2969.0
64,13.0,1.0,2.0,13.0,30751.0,5920.0,14113.0,22562.0,31267.0
65,15.0,1.0,2.0,15.0,8873.0,19370.0,30123.0,8364.0,19629.0
66,11.0,1.0,2.0,14.0,12595.0,25652.0,6197.0,19766.0,823.0
67,18.0,1.0,2.0,18.0,9149.0,24766.0,7871.0,24000.0,7617.0
68,12.0,1.0,2.0,13.0,26444.0,13133.0,78.0,20047.0,7504.0
69,16.0,1.0,2.0,16.0,21462.0,10711.0,216.0,22745.0,12762.0
70,10.0,1.0,2.0,10.0,9312.0,1121.0,25954.0,18275.0,10852.0
71,18.0,1.0,2.0,19.0,22762.0,17131.0,11756.0,6637.0,1774.0
72,12.0,1.0,2.0,12.0,16249.0,14458.0,12923.0,11644.0,10621.0
73,16.0,1.0,2.0,17.0,28163.0,28932.0,29957.0,31238.0,7.0
74,11.0,1.0,2.0,11.0,141.0,3470.0,7055.0,10896.0,14993.0
75,18.0,1.0,2.0,16.0,30487.0,3608.0,9753.0,16154.0,22811.0
76,12.0,1.0,2.0,12.0,20897.0,29346.0,5283.0,14244.0,23461.0
77,16.0,1.0,2.0,15.0,28976.0,8497.0,21042.0,1075.0,14132.0
78,11.0,1.0,2.0,11.0,17850.0,32699.0,15036.0,30397.0,13246.0
79,17.0,1.0,2.0,17.0,32324.0,16965.0,1862.0,19783.0,5192.0
80,12.0,1.0,2.0,13.0,6862.0,26831.0,14288.0,2001.0,22738.0
81,16.0,1.0,2.0,18.0,7000.0,29529.0,19546.0,9819.0,348.0
82,12.0,1.0,2.0,12.0,29671.0,23272.0,17129.0,11242.0,5611.0
83,18.0,1.0,2.0,18.0,28273.0,24434.0,20851.0,17524.0,14453.0
84,13.0,1.0,2.0,12.0,15872.0,15873.0,16130.0,16643.0,17412.0
85,15.0,1.0,2.0,17.0,12938.0,15499.0,18316.0,21389.0,24718.0
86,12.0,1.0,2.0,12.0,2836.0,7957.0,13334.0,18967.0,24856.0
87,17.0,1.0,2.0,18.0,26531.0,2724.0,11941.0,21414.0,31143.0
88,14.0,1.0,2.0,13.0,14893.0,26414.0,5423.0,17456.0,29745.0
89,16.0,1.0,2.0,17.0,28855.0,10168.0,24505.0,6330.0,21179.0
90,11.0,1.0,2.0,10.0,2881.0,19522.0,3651.0,20804.0,5445.0
91,17.0,1.0,2.0,17.0,2768.0,23249.0,11218.0,32211.0,20692.0
92,12.0,1.0,2.0,13.0,8026.0,31067.0,21596.0,12381.0,3422.0
93,16.0,1.0,2.0,16.0,6116.0,31717.0,24806.0,18151.0,11752.0
94,10.0,1.0,2.0,12.0,29806.0,25199.0,20848.0,16753.0,12914.0
95,17.0,1.0,2.0,18.0,5885.0,5118.0,4607.0,4352.0,4353.0
96,12.0,1.0,2.0,14.0,28039.0,29832.0,31881.0,1418.0,3979.0
97,17.0,1.0,2.0,17.0,10257.0,14610.0,19219.0,24084.0,29205.0
98,11.0,1.0,2.0,12.0,18075.0,24988.0,32157.0,6814.0,14495.0
99,17.0,1.0,2.0,17.0,3114.0,13867.0,24876.0,3373.0,14894.0
100,12.0,1.0,2.0,13.0,9396.0,22709.0,3510.0,17335.0,31416.0
101,17.0,1.0,2.0,17.0,8510.0,24383.0,7744.0,24129.0,8002.0
102,5.0,1.0,2.0,5.0,456.0,18889.0,4810.0,23755.0,10188.0
103,22.0,1.0,2.0,19.0,18002.0,6227.0,27476.0,16213.0,5206.0
104,20.0,1.0,2.0,20.0,28380.0,19165.0,10206.0,1503.0,25824.0
105,21.0,1.0,2.0,22.0,875.0,28268.0,23149.0,18286.0,13679.0
106,19.0,1.0,2.0,20.0,9717.0,6902.0,4343.0,2040.0,32761.0
107,22.0,1.0,2.0,23.0,12676.0,13701.0,14982.0,16519.0,18312.0
108,19.0,1.0,2.0,19.0,19982.0,23567.0,27408.0,31505.0,3090.0
109,21.0,1.0,2.0,21.0,20120.0,26265.0,32666.0,6555.0,13468.0
110,20.0,1.0,2.0,19.0,26407.0,3624.0,13865.0,24362.0,2347.0
111,22.0,1.0,2.0,23.0,25009.0,4786.0,17587.0,30644.0,11189.0
112,21.0,1.0,2.0,21.0,16443.0,31548.0,14141.0,29758.0,12863.0
113,21.0,1.0,2.0,22.0,709.0,18374.0,3527.0,21704.0,7369.0
114,19.0,1.0,2.0,19.0,10575.0,30800.0,18513.0,6482.0,27475.0
115,21.0,1.0,2.0,21.0,31454.0,22751.0,14304.0,6113.0,30946.0
116,19.0,1.0,2.0,19.0,8803.0,1380.0,26981.0,20070.0,13415.0
117,23.0,1.0,2.0,22.0,8178.0,4595.0,1268.0,30965.0,28150.0
118,19.0,1.0,2.0,19.0,2172.0,1149.0,382.0,32639.0,32384.0
119,22.0,1.0,2.0,22.0,32011.0,2060.0,5133.0,8462.0,12047.0
120,20.0,1.0,2.0,20.0,24469.0,29846.0,2711.0,8600.0,14745.0
121,21.0,1.0,2.0,23.0,9759.0,17696.0,25889.0,1570.0,10275.0
122,21.0,1.0,2.0,20.0,20649.0,31146.0,9131.0,20140.0,31405.0
123,20.0,1.0,2.0,21.0,24371.0,4660.0,17973.0,31542.0,12599.0
124,19.0,1.0,2.0,19.0,20925.0,3774.0,19647.0,3008.0,19393.0
125,20.0,1.0,2.0,20.0,5452.0,24909.0,11854.0,31823.0,19280.0
126,19.0,1.0,2.0,20.0,470.0,22487.0,11992.0,1753.0,24538.0
127,22.0,1.0,2.0,22.0,21088.0,12897.0,4962.0,30051.0,22628.0
128,19.0,1.0,2.0,19.0,1770.0,28907.0,23532.0,18413.0,13550.0
129,21.0,1.0,2.0,21.0,8052.0,4981.0,2166.0,32375.0,30072.0
130,19.0,1.0,1.0,19.0,7171.0,7940.0,8965.0,10246.0,11783.0
131,22.0,1.0,2.0,21.0,11917.0,15246.0,18831.0,22672.0,26769.0
132,21.0,1.0,2.0,21.0,8732.0,15901.0,23326.0,31007.0,6176.0
133,21.0,1.0,2.0,21.0,11942.0,21671.0,31656.0,9129.0,19626.0
134,19.0,1.0,2.0,19.0,7984.0,20273.0,50.0,12851.0,25908.0
135,21.0,1.0,2.0,20.0,29626.0,11707.0,26812.0,9405.0,25022.0
136,20.0,1.0,2.0,20.0,2633.0,21322.0,7499.0,26700.0,13389.0
137,23.0,1.0,2.0,22.0,22739.0,11220.0,32725.0,21718.0,10967.0
138,18.0,1.0,2.0,19.0,2909.0,26718.0,18015.0,9568.0,1377.0
139,22.0,1.0,2.0,21.0,8679.0,2280.0,28905.0,23018.0,17387.0
140,19.0,1.0,2.0,20.0,23414.0,20855.0,18552.0,16505.0,14714.0
141,22.0,1.0,2.0,21.0,27648.0,27649.0,27906.0,28419.0,29188.0
142,20.0,1.0,2.0,20.0,24714.0,27275.0,30092.0,397.0,3726.0
143,21.0,1.0,2.0,21.0,14612.0,19733.0,25110.0,30743.0,3864.0
144,19.0,1.0,2.0,19.0,30110.0,5023.0,12960.0,21153.0,29602.0
145,22.0,1.0,2.0,21.0,5672.0,15913.0,26410.0,4395.0,15404.0
146,20.0,1.0,2.0,20.0,7863.0,21944.0,3513.0,18106.0,187.0
147,22.0,1.0,2.0,23.0,14657.0,31298.0,15427.0,32580.0,17221.0
148,18.0,1.0,2.0,19.0,14283.0,716.0,20173.0,7118.0,27087.0
149,23.0,1.0,2.0,20.0,6741.0,28502.0,17751.0,7256.0,29785.0
150,20.0,1.0,2.0,20.0,24799.0,16352.0,8161.0,226.0,25315.0
151,23.0,1.0,2.0,21.0,8814.0,4207.0,32624.0,28529.0,24690.0
152,21.0,1.0,2.0,21.0,25336.0,23289.0,21498.0,19963.0,18684.0
153,22.0,1.0,2.0,20.0,1922.0,2435.0,3204.0,4229.0,5510.0
154,19.0,1.0,2.0,19.0,22033.0,26386.0,30995.0,3092.0,8213.0
155,22.0,1.0,2.0,21.0,29851.0,3996.0,11165.0,18590.0,26271.0
156,19.0,1.0,2.0,19.0,30501.0,7206.0,16935.0,26920.0,4393.0
157,22.0,1.0,2.0,22.0,23983.0,3248.0,15537.0,28082.0,8115.0
158,18.0,1.0,2.0,18.0,10297.0,24890.0,6971.0,22076.0,4669.0
159,21.0,1.0,2.0,21.0,22211.0,6596.0,24005.0,8902.0,26823.0
160,18.0,1.0,2.0,20.0,26957.0,13902.0,1103.0,21328.0,9041.0
161,23.0,1.0,2.0,22.0,7388.0,30941.0,21982.0,13279.0,4832.0
162,21.0,1.0,2.0,20.0,10598.0,3943.0,30312.0,24169.0,18282.0
163,21.0,1.0,2.0,21.0,21493.0,18678.0,16119.0,13816.0,11769.0
164,19.0,1.0,2.0,19.0,23167.0,22912.0,22913.0,23170.0,23683.0
165,22.0,1.0,2.0,21.0,31758.0,2575.0,6416.0,10513.0,14866.0
166,19.0,1.0,2.0,20.0,31896.0,5273.0,11674.0,18331.0,25244.0
167,22.0,1.0,2.0,23.0,24866.0,803.0,9764.0,18981.0,28454.0
168,21.0,1.0,2.0,18.0,10668.0,21933.0,686.0,12463.0,24496.0
169,22.0,1.0,2.0,22.0,22070.0,3127.0,17208.0,31545.0,13370.0
170,20.0,1.0,2.0,19.0,26304.0,9921.0,26562.0,10691.0,27844.0
171,21.0,1.0,2.0,22.0,22351.0,9808.0,30289.0,18258.0,6483.0
172,21.0,1.0,2.0,21.0,25049.0,15066.0,5339.0,28636.0,19421.0
173,21.0,1.0,2.0,20.0,20579.0,13156.0,5989.0,31846.0,25191.0
174,19.0,1.0,2.0,19.0,8941.0,4078.0,32239.0,27888.0,23793.0
175,22.0,1.0,2.0,22.0,13948.0,12925.0,12158.0,11647.0,11392.0
176,20.0,1.0,2.0,20.0,774.0,2311.0,4104.0,6153.0,8458.0
177,22.0,1.0,2.0,22.0,13200.0,17297.0,21650.0,26259.0,31124.0
178,20.0,1.0,2.0,19.0,21535.0,29472.0,4897.0,13346.0,22051.0
179,20.0,1.0,2.0,22.0,32425.0,10154.0,20907.0,31916.0,10413.0
180,19.0,1.0,2.0,20.0,3379.0,16436.0,29749.0,10550.0,24375.0
181,22.0,1.0,2.0,22.0,32701.0,15550.0,31423.0,14784.0,31169.0
182,20.0,1.0,2.0,20.0,22087.0,7496.0,25929.0,11850.0,30795.0
183,21.0,1.0,2.0,22.0,12246.0,1495.0,23768.0,13529.0,3546.0
184,25.0,1.0,2.0,25.0,96.0,24673.0,16738.0,9059.0,1636.0
185,52.0,1.0,4.0,50.0,13546.0,7915.0,2540.0,30189.0,25326.0
186,20.0,1.0,5.0,20.0,19828.0,16757.0,13942.0,11383.0,9080.0
187,22.0,1.0,5.0,23.0,18942.0,18431.0,18176.0,18177.0,18434.0
188,19.0,1.0,5.0,19.0,23693.0,27022.0,30607.0,1680.0,5777.0
189,21.0,1.0,5.0,22.0,21271.0,27160.0,537.0,6938.0,13595.0
190,20.0,1.0,5.0,19.0,11681.0,20130.0,28835.0,5028.0,14245.0
191,22.0,1.0,5.0,22.0,27691.0,5932.0,17197.0,28718.0,7727.0
192,24.0,1.0,5.0,23.0,8634.0,23483.0,5820.0,21181.0,4030.0
193,43.0,1.0,5.0,41.0,23108.0,7749.0,25414.0,10567.0,28744.0
194,75.0,1.0,5.0,76.0,30414.0,17615.0,5072.0,25553.0,13522.0
195,166.0,2.0,15.0,165.0,30552.0,20313.0,10330.0,603.0,23900.0
196,304.0,4.0,29.0,304.0,23522.0,15843.0,8420.0,1253.0,27110.0
197,250.0,5.0,30.0,250.0,9324.0,4205.0,32110.0,27503.0,23152.0
198,269.0,6.0,30.0,268.0,20726.0,18167.0,15864.0,13817.0,12026.0
199,247.0,7.0,30.0,247.0,27525.0,28806.0,30343.0,32136.0,1417.0
200,224.0,8.0,30.0,225.0,26388.0,31509.0,4118.0,9751.0,15640.0
201,3.0,8.0,30.0,4.0,9118.0,16799.0,24736.0,161.0,8610.0
202,8.0,8.0,30.0,12.0,17448.0,27689.0,5418.0,16171.0,27180.0
203,12.0,8.0,30.0,3.0,18610.0,31411.0,11700.0,25013.0,5814.0
204,20.0,8.0,30.0,14.0,12604.0,27965.0,10814.0,26687.0,10048.0
205,14.0,8.0,30.0,14.0,32198.0,17351.0,2760.0,21193.0,7114.0
206,13.0,8.0,30.0,14.0,11856.0,32337.0,20306.0,8531.0,29780.0
207,12.0,8.0,30.0,12.0,17114.0,7387.0,30684.0,21469.0,12510.0
208,15.0,8.0,30.0,16.0,14697.0,8810.0,3179.0,30572.0,25453.0
209,14.0,8.0,30.0,15.0,18419.0,15092.0,12021.0,9206.0,6647.0
210,14.0,8.0,30.0,15.0,14973.0,14206.0,13695.0,13440.0,13441.0
211,16.0,7.0,30.0,15.0,15884.0,18957.0,22286.0,25871.0,29712.0
212,12.0,7.0,30.0,13.0,10902.0,16535.0,22424.0,28569.0,2202.0
213,12.0,7.0,30.0,14.0,31520.0,6945.0,15394.0,24099.0,292.0
214,11.0,7.0,30.0,13.0,12202.0,22955.0,1196.0,12461.0,23982.0
215,11.0,7.0,30.0,17.0,18484.0,31797.0,12598.0,26423.0,7736.0
216,16.0,7.0,30.0,17.0,17598.0,703.0,16832.0,449.0,17090.0
217,15.0,7.0,30.0,15.0,5965.0,25678.0,12879.0,336.0,20817.0
218,13.0,7.0,30.0,15.0,3543.0,25816.0,15577.0,5594.0,28635.0
219,13.0,7.0,30.0,14.0,26721.0,18786.0,11107.0,3684.0,29285.0
220,13.0,7.0,30.0,13.0,9963.0,4588.0,32237.0,27374.0,22767.0
221,14.0,7.0,30.0,14.0,18805.0,15990.0,13431.0,11128.0,9081.0
222,13.0,7.0,30.0,13.0,21764.0,22789.0,24070.0,25607.0,27400.0
223,12.0,7.0,30.0,12.0,29070.0,32655.0,3728.0,7825.0,12178.0
224,15.0,6.0,30.0,15.0,29725.0,4382.0,12063.0,20000.0,28193.0
225,14.0,6.0,30.0,15.0,2727.0,12712.0,22953.0,682.0,11435.0
226,15.0,6.0,30.0,15.0,1329.0,13874.0,26675.0,6964.0,20277.0
227,13.0,6.0,30.0,15.0,25531.0,7868.0,23229.0,6078.0,21951.0
228,13.0,6.0,30.0,14.0,2378.0,21323.0,7756.0,27213.0,14158.0
229,13.0,6.0,30.0,13.0,25044.0,13781.0,2774.0,24791.0,14296.0
230,12.0,6.0,30.0,13.0,7774.0,31839.0,23392.0,15201.0,7266.0
231,17.0,6.0,30.0,17.0,16104.0,9961.0,4074.0,31211.0,25836.0
232,16.0,6.0,30.0,16.0,17266.0,13683.0,10356.0,7285.0,4470.0
233,15.0,6.0,30.0,16.0,8705.0,8962.0,9475.0,10244.0,11269.0
234,13.0,6.0,30.0,14.0,8331.0,11148.0,14221.0,17550.0,21135.0
235,14.0,6.0,30.0,15.0,789.0,6166.0,11799.0,17688.0,23833.0
236,14.0,6.0,30.0,15.0,18847.0,26784.0,2209.0,10658.0,19363.0
237,12.0,6.0,30.0,14.0,29737.0,7466.0,18219.0,29228.0,7725.0
238,13.0,6.0,30.0,13.0,3000.0,17337.0,31930.0,14011.0,29116.0
239,15.0,6.0,30.0,15.0,12354.0,29251.0,13636.0,31045.0,15942.0
240,14.0,6.0,30.0,15.0,14540.0,1229.0,20942.0,8143.0,28368.0
241,15.0,6.0,30.0,16.0,9558.0,31575.0,21080.0,10841.0,858.0
242,15.0,5.0,30.0,15.0,24549.0,17638.0,10983.0,4584.0,31209.0
243,14.0,5.0,30.0,14.0,18031.0,13680.0,9585.0,5746.0,2163.0
244,12.0,5.0,30.0,13.0,4345.0,2554.0,1019.0,32508.0,31485.0
245,14.0,5.0,30.0,14.0,22664.0,24713.0,27018.0,29579.0,32396.0
246,13.0,5.0,30.0,14.0,279.0,6168.0,12313.0,18714.0,25371.0
247,15.0,5.0,30.0,17.0,23457.0,31906.0,7843.0,16804.0,26021.0
248,16.0,5.0,30.0,16.0,6699.0,17708.0,28973.0,7726.0,19503.0
249,14.0,5.0,30.0,15.0,20410.0,2491.0,17596.0,189.0,15806.0
250,15.0,5.0,30.0,15.0,2116.0,19525.0,4422.0,22343.0,7752.0
251,15.0,5.0,30.0,16.0,9422.0,29391.0,16848.0,4561.0,25298.0
252,14.0,5.0,30.0,14.0,9560.0,32089.0,22106.0,12379.0,2908.0
253,13.0,5.0,30.0,14.0,2530.0,27619.0,20196.0,13029.0,6118.0
254,11.0,5.0,30.0,12.0,21100.0,15981.0,11118.0,6511.0,2160.0
255,16.0,5.0,30.0,16.0,22267.0,20988.0,19965.0,19198.0,18687.0
256,16.0,5.0,30.0,16.0,6533.0,7814.0,9351.0,11144.0,13193.0
257,14.0,5.0,30.0,15.0,5396.0,10517.0,15894.0,21527.0,27416.0
258,15.0,5.0,30.0,15.0,20894.0,28575.0,3744.0,11937.0,20386.0
259,13.0,5.0,30.0,14.0,29224.0,6697.0,17194.0,27947.0,6188.0
260,13.0,5.0,30.0,14.0,30386.0,10419.0,23476.0,4021.0,17590.0
261,14.0,5.0,30.0,15.0,24380.0,6973.0,22590.0,5695.0,21824.0
262,13.0,4.0,30.0,13.0,11206.0,29127.0,14536.0,201.0,18890.0
263,11.0,4.0,30.0,12.0,23632.0,11345.0,32082.0,20307.0,8788.0
264,15.0,4.0,30.0,15.0,15583.0,7136.0,31713.0,23778.0,16099.0
265,16.0,4.0,30.0,15.0,26473.0,20586.0,14955.0,9580.0,4461.0
266,15.0,4.0,30.0,15.0,30195.0,26868.0,23797.0,20982.0,18423.0
267,14.0,4.0,30.0,15.0,26749.0,25982.0,25471.0,25216.0,25217.0
268,13.0,4.0,30.0,14.0,27660.0,30733.0,1294.0,4879.0,8720.0
269,11.0,4.0,30.0,13.0,22678.0,28311.0,1432.0,7577.0,13978.0
270,12.0,4.0,30.0,13.0,10528.0,18721.0,27170.0,3107.0,12068.0
271,16.0,4.0,30.0,16.0,14767.0,26800.0,6321.0,18866.0,31667.0
272,16.0,4.0,30.0,15.0,1081.0,15674.0,30523.0,12860.0,28221.0
273,15.0,4.0,30.0,15.0,12995.0,30148.0,14789.0,32454.0,17607.0
274,14.0,4.0,30.0,14.0,17741.0,4686.0,24655.0,12112.0,32593.0
275,14.0,4.0,30.0,15.0,15319.0,4824.0,27353.0,17370.0,7643.0
276,14.0,4.0,30.0,15.0,5729.0,30562.0,22883.0,15460.0,8293.0
277,13.0,4.0,30.0,13.0,21739.0,16364.0,11245.0,6382.0,1775.0
278,12.0,4.0,30.0,13.0,19066.0,17531.0,16252.0,15229.0,14462.0
279,15.0,4.0,30.0,15.0,772.0,1797.0,3078.0,4615.0,6408.0
280,15.0,4.0,30.0,16.0,28563.0,660.0,5781.0,11158.0,16791.0
281,15.0,4.0,30.0,16.0,8733.0,16158.0,23839.0,31776.0,7201.0
282,14.0,4.0,30.0,15.0,14503.0,24488.0,1961.0,12458.0,23211.0
283,14.0,4.0,30.0,15.0,13105.0,25650.0,5683.0,18740.0,32053.0
284,13.0,4.0,30.0,13.0,4539.0,19644.0,2237.0,17854.0,959.0
285,13.0,4.0,30.0,13.0,21573.0,6470.0,24391.0,9800.0,28233.0
286,13.0,4.0,30.0,14.0,4052.0,25557.0,14550.0,3799.0,26072.0
287,16.0,4.0,30.0,16.0,19550.0,10847.0,2400.0,26977.0,19042.0
288,15.0,4.0,30.0,16.0,27880.0,21737.0,15850.0,10219.0,4844.0
289,13.0,4.0,30.0,15.0,29042.0,25459.0,22132.0,19061.0,16246.0
290,14.0,3.0,30.0,15.0,23036.0,22013.0,21246.0,20735.0,20480.0
291,14.0,3.0,30.0,15.0,20107.0,22924.0,25997.0,29326.0,143.0
292,13.0,3.0,30.0,14.0,12565.0,17942.0,23575.0,29464.0,2841.0
293,14.0,3.0,30.0,13.0,30623.0,5792.0,13985.0,22434.0,31139.0
294,12.0,3.0,30.0,13.0,31022.0,10031.0,22064.0,1585.0,14130.0
295,16.0,3.0,30.0,16.0,14776.0,29113.0,10938.0,25787.0,8124.0
296,16.0,3.0,30.0,16.0,24130.0,8259.0,25412.0,10053.0,27718.0
297,15.0,3.0,30.0,15.0,26316.0,13005.0,32718.0,19919.0,7376.0
298,14.0,3.0,30.0,15.0,2907.0,26204.0,16989.0,8030.0,32095.0
299,13.0,3.0,30.0,14.0,3557.0,29414.0,22759.0,16360.0,10217.0
300,13.0,3.0,30.0,13.0,29807.0,25456.0,21361.0,17522.0,13939.0
301,13.0,3.0,30.0,15.0,16121.0,14330.0,12795.0,11516.0,10493.0
302,12.0,3.0,30.0,14.0,28035.0,28804.0,29829.0,31110.0,32647.0
303,13.0,3.0,30.0,27.0,19218.0,23827.0,28692.0,1045.0,6422.0
304,6.0,3.0,30.0,23.0,2465.0,10914.0,19619.0,28580.0,5029.0
305,-10.0,3.0,30.0,10.0,18475.0,29484.0,7981.0,19502.0,31279.0
306,-23.0,3.0,30.0,-12.0,27317.0,8118.0,21943.0,3256.0,17593.0
307,-18.0,3.0,30.0,-15.0,28991.0,12352.0,28737.0,12610.0,29507.0
308,-19.0,3.0,30.0,-17.0,23497.0,9418.0,28363.0,14796.0,1485.0
309,-18.0,3.0,30.0,-16.0,21336.0,11097.0,1114.0,24155.0,14684.0
310,-16.0,3.0,30.0,-16.0,14306.0,6627.0,31972.0,24805.0,17894.0
311,-16.0,3.0,30.0,-13.0,108.0,27757.0,22894.0,18287.0,13936.0
312,-18.0,3.0,30.0,-13.0,11510.0,8951.0,6648.0,4601.0,2810.0
313,-17.0,3.0,30.0,-15.0,18309.0,19590.0,21127.0,22920.0,24969.0
314,-17.0,3.0,30.0,-14.0,28175.0,32016.0,3345.0,7698.0,12307.0
315,-18.0,3.0,30.0,-15.0,32670.0,7583.0,15520.0,23713.0,32162.0
316,-17.0,3.0,30.0,-15.0,8232.0,18473.0,28970.0,6955.0,17964.0
317,-18.0,3.0,30.0,-17.0,9394.0,22195.0,2484.0,15797.0,29366.0
318,-18.0,3.0,30.0,-18.0,3388.0,18749.0,1598.0,17471.0,832.0
319,-18.0,3.0,30.0,-14.0,22982.0,8135.0,26312.0,11977.0,30666.0
320,-17.0,3.0,30.0,-14.0,9301.0,31062.0,20311.0,9816.0,32345.0
321,-16.0,3.0,30.0,-13.0,27359.0,18912.0,10721.0,2786.0,27875.0
322,-17.0,3.0,30.0,-13.0,5481.0,32362.0,26731.0,21356.0,16237.0
323,-18.0,3.0,30.0,-16.0,27896.0,25849.0,24058.0,22523.0,21244.0
324,-17.0,3.0,30.0,-15.0,4482.0,4995.0,5764.0,6789.0,8070.0
325,-17.0,3.0,30.0,-16.0,6668.0,9741.0,13070.0,16655.0,20496.0
326,-16.0,3.0,30.0,-16.0,1686.0,7319.0,13208.0,19353.0,25754.0
327,-17.0,3.0,30.0,-12.0,293.0,9766.0,19495.0,29480.0,6953.0
328,-19.0,3.0,30.0,-14.0,26543.0,5808.0,18097.0,30642.0,10675.0
329,-17.0,3.0,30.0,-14.0,22846.0,5951.0,22080.0,5697.0,22338.0
330,-16.0,3.0,30.0,-14.0,14792.0,457.0,19146.0,5323.0,24524.0
331,-17.0,2.0,30.0,-14.0,32338.0,20563.0,9044.0,30549.0,19542.0
332,-18.0,2.0,30.0,-15.0,9948.0,733.0,24542.0,15839.0,7392.0
333,-17.0,2.0,30.0,-17.0,13158.0,6503.0,104.0,26729.0,20842.0
334,-17.0,2.0,30.0,-17.0,24053.0,21238.0,18679.0,16376.0,14329.0
335,-16.0,2.0,30.0,-14.0,25727.0,25472.0,25473.0,25730.0,26243.0
336,-17.0,2.0,30.0,-13.0,20233.0,22538.0,25099.0,27916.0,30989.0
337,-17.0,2.0,30.0,-13.0,7571.0,12436.0,17557.0,22934.0,28567.0
338,-17.0,2.0,30.0,-14.0,27426.0,3363.0,12324.0,21541.0,31014.0
339,-17.0,2.0,30.0,-15.0,13228.0,24493.0,3246.0,15023.0,27056.0
340,-17.0,2.0,30.0,-16.0,24630.0,5687.0,19768.0,1337.0,15930.0
341,-17.0,2.0,30.0,-15.0,28864.0,12481.0,29122.0,13251.0,30404.0
342,-18.0,2.0,30.0,-17.0,24911.0,12368.0,81.0,20818.0,9043.0
343,-18.0,2.0,30.0,-14.0,27609.0,17626.0,7899.0,31196.0,21981.0
344,-17.0,2.0,30.0,-13.0,23139.0,15716.0,8549.0,1638.0,27751.0
345,-16.0,2.0,30.0,-14.0,11501.0,6638.0,2031.0,30448.0,26353.0
346,-17.0,2.0,30.0,-14.0,25463.0,23160.0,21113.0,19322.0,17787.0
347,-17.0,2.0,2.0,-15.0,32257.0,32514.0,259.0,1028.0,2053.0
348,-18.0,2.0,2.0,-16.0,31883.0,1932.0,5005.0,8334.0,11919.0
349,-17.0,2.0,2.0,-16.0,24341.0,29718.0,2583.0,8472.0,14617.0
350,-18.0,2.0,2.0,-16.0,19108.0,28325.0,5030.0,14759.0,24744.0
351,-17.0,2.0,2.0,-13.0,10030.0,21807.0,1072.0,13361.0,25906.0
352,-17.0,2.0,2.0,-12.0,26552.0,8121.0,22714.0,4795.0,19900.0
353,-19.0,2.0,2.0,-14.0,3138.0,20035.0,4420.0,21829.0,6726.0
354,-17.0,2.0,2.0,-14.0,5324.0,24781.0,11726.0,31695.0,19152.0
355,-17.0,2.0,2.0,-14.0,14683.0,5212.0,28765.0,19806.0,11103.0
356,-17.0,2.0,2.0,-14.0,15333.0,8422.0,1767.0,28136.0,21993.0
357,-18.0,2.0,2.0,-16.0,8815.0,4464.0,369.0,29298.0,25715.0
358,-18.0,2.0,2.0,-17.0,27897.0,26106.0,24571.0,23292.0,22269.0
359,-17.0,2.0,2.0,-14.0,7043.0,7812.0,8837.0,10118.0,11655.0
360,-17.0,2.0,2.0,-14.0,30994.0,2835.0,7700.0,12821.0,18198.0
361,-16.0,2.0,2.0,-12.0,8604.0,15773.0,23198.0,30879.0,6048.0
362,-17.0,2.0,2.0,-13.0,30251.0,8492.0,19757.0,31278.0,10287.0
363,-18.0,2.0,2.0,-15.0,6325.0,19894.0,951.0,15032.0,29369.0
364,-18.0,2.0,2.0,-15.0,7999.0,24128.0,7745.0,24386.0,8515.0
365,-17.0,2.0,2.0,-16.0,2505.0,21194.0,7371.0,26572.0,13261.0
366,-17.0,2.0,2.0,-16.0,22611.0,11092.0,32597.0,21590.0,10839.0
367,-16.0,2.0,2.0,-13.0,2781.0,26590.0,17887.0,9440.0,1249.0
368,-17.0,2.0,2.0,-14.0,11884.0,6765.0,1902.0,30063.0,25712.0
369,-17.0,2.0,2.0,-14.0,23286.0,20727.0,18424.0,16377.0,14586.0
370,-17.0,2.0,2.0,-14.0,30085.0,31366.0,135.0,1928.0,3977.0
371,-17.0,2.0,2.0,-14.0,7183.0,11024.0,15121.0,19474.0,24083.0
372,-18.0,2.0,2.0,-15.0,9881.0,16282.0,22939.0,29852.0,4253.0
373,-18.0,2.0,2.0,-17.0,5411.0,14372.0,23589.0,294.0,10023.0
374,-18.0,2.0,2.0,-17.0,21170.0,1203.0,14260.0,27573.0,8374.0
375,-17.0,2.0,2.0,-13.0,15164.0,30525.0,13374.0,29247.0,12608.0
376,-16.0,2.0,2.0,-13.0,1990.0,19911.0,5320.0,23753.0,9674.0
377,-17.0,2.0,2.0,-13.0,14416.0,2129.0,22866.0,11091.0,32340.0
378,-17.0,2.0,2.0,-15.0,19674.0,9947.0,476.0,24029.0,15070.0
379,-18.0,2.0,2.0,-15.0,17764.0,10597.0,3686.0,29799.0,23400.0
380,-18.0,2.0,2.0,-16.0,8686.0,4079.0,32496.0,28401.0,24562.0
381,-17.0,2.0,2.0,-15.0,17533.0,16766.0,16255.0,16000.0,16001.0
382,-18.0,2.0,2.0,-17.0,6919.0,8712.0,10761.0,13066.0,15627.0
383,-18.0,2.0,2.0,-14.0,21905.0,26258.0,30867.0,2964.0,8085.0
384,-18.0,2.0,2.0,-13.0,29723.0,3868.0,11037.0,18462.0,26143.0
385,-16.0,2.0,2.0,-14.0,14762.0,25515.0,3756.0,15021.0,26542.0
386,-16.0,2.0,2.0,-14.0,21044.0,1589.0,15158.0,28983.0,10296.0
387,-18.0,2.0,2.0,-15.0,20158.0,3263.0,19392.0,3009.0,19650.0
388,-19.0,2.0,2.0,-16.0,12104.0,30537.0,16458.0,2635.0,21836.0
389,-18.0,2.0,2.0,-16.0,6103.0,28376.0,18137.0,8154.0,31195.0
390,-17.0,2.0,2.0,-17.0,29281.0,21346.0,13667.0,6244.0,31845.0
391,-14.0,2.0,2.0,-17.0,12523.0,7148.0,2029.0,29934.0,25327.0
392,-13.0,2.0,2.0,-22.0,21365.0,18550.0,15991.0,13688.0,11641.0
1,-13.0,2.0,2.0,-13.0,8813.0,3950.0,32111.0,27760.0,23665.0
2,7.0,2.0,2.0,5.0,13820.0,12797.0,12030.0,11519.0,11264.0
3,15.0,2.0,2.0,15.0,646.0,2183.0,3976.0,6025.0,8330.0
4,9.0,2.0,2.0,8.0,13072.0,17169.0,21522.0,26131.0,30996.0
5,16.0,2.0,2.0,16.0,21407.0,29344.0,4769.0,13218.0,21923.0
6,12.0,2.0,2.0,13.0,32297.0,10026.0,20779.0,31788.0,10285.0
7,17.0,2.0,2.0,18.0,3251.0,16308.0,29621.0,10422.0,24247.0
8,13.0,2.0,2.0,12.0,32573.0,15422.0,31295.0,14656.0,31041.0
9,17.0,2.0,2.0,16.0,21959.0,7368.0,25801.0,11722.0,30667.0
10,10.0,2.0,2.0,11.0,4177.0,24914.0,13139.0,1620.0,23125.0
11,17.0,2.0,2.0,18.0,32736.0,24545.0,16610.0,8931.0,1508.0
12,12.0,2.0,2.0,12.0,13418.0,7787.0,2412.0,30061.0,25198.0
13,17.0,2.0,2.0,17.0,19700.0,16629.0,13814.0,11255.0,8952.0
14,10.0,2.0,2.0,12.0,18814.0,18303.0,18048.0,18049.0,18306.0
15,18.0,2.0,2.0,17.0,10760.0,12809.0,15114.0,17675.0,20492.0
16,14.0,2.0,2.0,13.0,21143.0,27032.0,409.0,6810.0,13467.0
17,17.0,2.0,2.0,16.0,11553.0,20002.0,28707.0,4900.0,14117.0
18,12.0,2.0,2.0,10.0,19632.0,31921.0,11698.0,24499.0,4788.0
19,18.0,2.0,2.0,19.0,8506.0,23355.0,5692.0,21053.0,3902.0
20,12.0,2.0,2.0,10.0,22980.0,7621.0,25286.0,10439.0,28616.0
21,17.0,2.0,2.0,16.0,30286.0,17487.0,4944.0,25425.0,13394.0
22,12.0,1.0,2.0,12.0,30424.0,20185.0,10202.0,475.0,23772.0
23,17.0,1.0,2.0,18.0,23394.0,15715.0,8292.0,1125.0,26982.0
24,12.0,1.0,2.0,12.0,18929.0,15090.0,11507.0,8180.0,5109.0
25,16.0,1.0,2.0,16.0,10363.0,9084.0,8061.0,7294.0,6783.0
26,11.0,1.0,2.0,12.0,27397.0,28678.0,30215.0,32008.0,1289.0
27,18.0,1.0,2.0,17.0,4495.0,8336.0,12433.0,16786.0,21395.0
28,11.0,1.0,2.0,13.0,8990.0,16671.0,24608.0,33.0,8482.0
29,17.0,1.0,2.0,17.0,17320.0,27561.0,5290.0,16043.0,27052.0
30,11.0,1.0,2.0,11.0,18482.0,31283.0,11572.0,24885.0,5686.0
31,17.0,1.0,2.0,17.0,26305.0,10178.0,27075.0,11460.0,28869.0
32,11.0,1.0,2.0,13.0,25931.0,12364.0,31821.0,18766.0,5967.0
33,16.0,1.0,2.0,18.0,18389.0,7382.0,29399.0,18904.0,8665.0
34,11.0,1.0,2.0,11.0,29540.0,22373.0,15462.0,8807.0,2408.0
35,16.0,1.0,2.0,17.0,20462.0,15855.0,11504.0,7409.0,3570.0
36,13.0,1.0,2.0,11.0,4216.0,2169.0,378.0,31611.0,30332.0
37,17.0,1.0,2.0,18.0,13570.0,14083.0,14852.0,15877.0,17158.0
38,11.0,1.0,2.0,11.0,913.0,5266.0,9875.0,14740.0,19861.0
39,17.0,1.0,2.0,18.0,8731.0,15644.0,22813.0,30238.0,5151.0
40,12.0,1.0,2.0,13.0,26538.0,4523.0,15532.0,26797.0,5550.0
41,17.0,1.0,2.0,17.0,52.0,13365.0,26934.0,7991.0,22072.0
42,9.0,1.0,2.0,12.0,31934.0,15039.0,31168.0,14785.0,31426.0
43,18.0,1.0,2.0,17.0,20301.0,7246.0,27215.0,14672.0,2385.0
44,11.0,1.0,2.0,11.0,17879.0,7384.0,29913.0,19930.0,10203.0
45,16.0,1.0,2.0,16.0,8289.0,354.0,25443.0,18020.0,10853.0
46,13.0,1.0,2.0,12.0,24299.0,18924.0,13805.0,8942.0,4335.0
47,17.0,1.0,2.0,18.0,373.0,30326.0,27767.0,25464.0,23417.0
48,13.0,1.0,2.0,12.0,2047.0,1792.0,1793.0,2050.0,2563.0
49,16.0,1.0,2.0,16.0,29321.0,31626.0,1419.0,4236.0,7309.0
50,10.0,1.0,2.0,11.0,10776.0,16921.0,23322.0,29979.0,4124.0
51,17.0,1.0,2.0,18.0,3746.0,12451.0,21412.0,30629.0,7334.0
52,11.0,1.0,2.0,12.0,15665.0,28210.0,8243.0,21300.0,1845.0
53,17.0,1.0,2.0,17.0,7099.0,22204.0,4797.0,20414.0,3519.0
54,11.0,1.0,2.0,11.0,24133.0,9030.0,26951.0,12360.0,30793.0
55,17.0,1.0,2.0,17.0,1231.0,21456.0,9169.0,29906.0,18131.0
56,13.0,1.0,2.0,14.0,3929.0,26714.0,16987.0,7516.0,31069.0
57,15.0,1.0,2.0,17.0,32227.0,24804.0,17637.0,10726.0,4071.0
58,11.0,1.0,2.0,11.0,20589.0,15726.0,11119.0,6768.0,2673.0
59,17.0,1.0,2.0,17.0,1783.0,32248.0,30201.0,28410.0,26875.0
60,12.0,1.0,2.0,10.0,12422.0,13959.0,15752.0,17801.0,20106.0
61,17.0,1.0,2.0,17.0,24848.0,28945.0,530.0,5139.0,10004.0
62,10.0,1.0,2.0,12.0,30106.0,3995.0,10908.0,18077.0,25502.0
63,17.0,1.0,2.0,18.0,11305.0,21802.0,32555.0,10796.0,22061.0
64,13.0,1.0,2.0,12.0,15027.0,28084.0,8629.0,22198.0,3255.0
65,16.0,1.0,2.0,17.0,26690.0,10819.0,27972.0,12613.0,30278.0
66,11.0,1.0,2.0,12.0,28876.0,15565.0,2510.0,22479.0,9936.0
67,17.0,1.0,2.0,17.0,23894.0,13143.0,2648.0,25177.0,15194.0
68,12.0,1.0,2.0,12.0,11744.0,3553.0,28386.0,20707.0,13284.0
69,17.0,1.0,2.0,17.0,25194.0,19563.0,14188.0,9069.0,4206.0
70,12.0,1.0,2.0,11.0,18681.0,16890.0,15355.0,14076.0,13053.0
71,17.0,1.0,2.0,17.0,30595.0,31364.0,32389.0,902.0,2439.0
72,11.0,1.0,2.0,13.0,2573.0,5902.0,9487.0,13328.0,17425.0
73,17.0,1.0,2.0,16.0,151.0,6040.0,12185.0,18586.0,25243.0
74,11.0,1.0,2.0,12.0,23329.0,31778.0,7715.0,16676.0,25893.0
75,16.0,1.0,2.0,17.0,31408.0,10929.0,23474.0,3507.0,16564.0
76,12.0,1.0,2.0,11.0,20282.0,2363.0,17468.0,61.0,15678.0
77,17.0,1.0,2.0,17.0,1988.0,19397.0,4294.0,22215.0,7624.0
78,12.0,1.0,2.0,12.0,9294.0,29263.0,16720.0,4433.0,25170.0
79,17.0,1.0,2.0,18.0,9432.0,31961.0,21978.0,12251.0,2780.0
80,12.0,1.0,2.0,12.0,32103.0,25704.0,19561.0,13674.0,8043.0
81,17.0,1.0,2.0,17.0,30705.0,26866.0,23283.0,19956.0,16885.0
82,11.0,1.0,2.0,11.0,22139.0,20860.0,19837.0,19070.0,18559.0
83,17.0,1.0,2.0,18.0,6405.0,7686.0,9223.0,11016.0,13065.0
84,10.0,1.0,2.0,12.0,16271.0,20112.0,24209.0,28562.0,403.0
85,16.0,1.0,2.0,16.0,20766.0,28447.0,3616.0,11809.0,20258.0
86,13.0,1.0,2.0,12.0,29096.0,6569.0,17066.0,27819.0,6060.0
87,17.0,1.0,2.0,18.0,31287.0,12600.0,26937.0,8762.0,23611.0
88,14.0,1.0,2.0,12.0,5313.0,21954.0,6083.0,23236.0,7877.0
89,17.0,1.0,2.0,16.0,4939.0,24140.0,10829.0,30542.0,17743.0
90,10.0,1.0,2.0,11.0,30165.0,19158.0,8407.0,30680.0,20441.0
91,17.0,1.0,2.0,17.0,8548.0,1381.0,27238.0,20583.0,14184.0
92,11.0,1.0,2.0,12.0,32238.0,27631.0,23280.0,19185.0,15346.0
93,16.0,1.0,2.0,17.0,15992.0,13945.0,12154.0,10619.0,9340.0
94,12.0,1.0,2.0,11.0,25346.0,25859.0,26628.0,27653.0,28934.0
95,17.0,1.0,2.0,16.0,27532.0,30605.0,1166.0,4751.0,8592.0
96,13.0,1.0,2.0,13.0,22550.0,28183.0,1304.0,7449.0,13850.0
97,16.0,1.0,2.0,16.0,21157.0,30630.0,7591.0,17576.0,27817.0
98,10.0,1.0,2.0,11.0,14639.0,26672.0,6193.0,18738.0,31539.0
99,17.0,1.0,2.0,17.0,10942.0,26815.0,10176.0,26561.0,10434.0
100,11.0,1.0,2.0,10.0,2888.0,21321.0,7242.0,26187.0,12620.0
101,16.0,1.0,2.0,18.0,20434.0,8659.0,29908.0,18645.0,7638.0
102,9.0,1.0,2.0,6.0,30812.0,21597.0,12638.0,3935.0,28256.0
103,20.0,1.0,2.0,20.0,1254.0,27367.0,20968.0,14825.0,8938.0
104,19.0,1.0,2.0,19.0,30064.0,25969.0,22130.0,18547.0,15220.0
105,20.0,1.0,2.0,20.0,18938.0,17403.0,16124.0,15101.0,14334.0
106,19.0,1.0,2.0,19.0,644.0,1669.0,2950.0,4487.0,6280.0
107,21.0,1.0,2.0,22.0,28435.0,532.0,5653.0,11030.0,16663.0
108,19.0,1.0,2.0,18.0,8605.0,16030.0,23711.0,31648.0,7073.0
109,22.0,1.0,2.0,21.0,14375.0,24360.0,1833.0,12330.0,23083.0
110,19.0,1.0,2.0,19.0,12726.0,26551.0,7864.0,22201.0,4026.0
111,21.0,1.0,2.0,22.0,16960.0,577.0,17218.0,1347.0,18500.0
112,20.0,1.0,2.0,21.0,14026.0,203.0,19404.0,6093.0,25806.0
113,21.0,1.0,2.0,21.0,3924.0,25429.0,14422.0,3671.0,25944.0
114,18.0,1.0,2.0,19.0,19422.0,10719.0,2272.0,26849.0,18914.0
115,19.0,1.0,2.0,20.0,32365.0,27502.0,22895.0,18544.0,14449.0
116,19.0,1.0,2.0,20.0,13559.0,11256.0,9209.0,7418.0,5883.0
117,23.0,1.0,2.0,22.0,20353.0,20610.0,21123.0,21892.0,22917.0
118,19.0,1.0,2.0,19.0,19979.0,22796.0,25869.0,29198.0,15.0
119,21.0,1.0,2.0,22.0,9114.0,15771.0,22684.0,29853.0,4510.0
120,18.0,1.0,2.0,19.0,7204.0,16421.0,25894.0,2855.0,12840.0
121,21.0,1.0,2.0,22.0,30894.0,9903.0,21936.0,1457.0,14002.0
122,20.0,1.0,2.0,19.0,14648.0,28985.0,10810.0,25659.0,7996.0
123,21.0,1.0,2.0,20.0,24002.0,8131.0,25284.0,9925.0,27590.0
124,19.0,1.0,2.0,18.0,27729.0,15698.0,3923.0,25172.0,13909.0
125,21.0,1.0,2.0,20.0,2779.0,26076.0,16861.0,7902.0,31967.0
126,19.0,1.0,2.0,21.0,3429.0,29286.0,22631.0,16232.0,10089.0
127,21.0,1.0,2.0,22.0,10484.0,7413.0,4598.0,2039.0,32504.0
128,19.0,1.0,2.0,20.0,9598.0,9087.0,8832.0,8833.0,9090.0
129,22.0,1.0,2.0,20.0,1544.0,3593.0,5898.0,8459.0,11276.0
130,18.0,1.0,2.0,19.0,19090.0,23699.0,28564.0,917.0,6294.0
131,21.0,1.0,2.0,20.0,29468.0,3869.0,11294.0,18975.0,26912.0
132,21.0,1.0,2.0,20.0,32678.0,9639.0,19624.0,29865.0,7594.0
133,21.0,1.0,2.0,20.0,27189.0,7990.0,21815.0,3128.0,17465.0
134,19.0,1.0,2.0,19.0,28863.0,12224.0,28609.0,12482.0,29379.0
135,21.0,1.0,2.0,21.0,23369.0,9290.0,28235.0,14668.0,1357.0
136,19.0,1.0,2.0,19.0,10707.0,31956.0,20693.0,9686.0,31703.0
137,21.0,1.0,2.0,21.0,23645.0,14686.0,5983.0,30304.0,22113.0
138,18.0,1.0,2.0,18.0,29415.0,23016.0,16873.0,10986.0,5355.0
139,21.0,1.0,2.0,21.0,11382.0,8823.0,6520.0,4473.0,2682.0
140,18.0,1.0,2.0,18.0,15616.0,15617.0,15874.0,16387.0,17156.0
141,23.0,1.0,2.0,23.0,12682.0,15243.0,18060.0,21133.0,24462.0
142,20.0,1.0,2.0,21.0,2580.0,7701.0,13078.0,18711.0,24600.0
143,20.0,1.0,2.0,21.0,18078.0,25759.0,928.0,9121.0,17570.0
144,19.0,1.0,2.0,19.0,26408.0,3881.0,14378.0,25131.0,3372.0
145,21.0,1.0,2.0,21.0,28599.0,9912.0,24249.0,6074.0,20923.0
146,19.0,1.0,2.0,20.0,2625.0,19266.0,3395.0,20548.0,5189.0
147,22.0,1.0,2.0,22.0,2251.0,21452.0,8141.0,27854.0,15055.0
148,19.0,1.0,2.0,19.0,27477.0,16470.0,5719.0,27992.0,17753.0
149,22.0,1.0,2.0,21.0,5860.0,31461.0,24550.0,17895.0,11496.0
150,20.0,1.0,2.0,21.0,29550.0,24943.0,20592.0,16497.0,12658.0
151,21.0,1.0,2.0,21.0,13304.0,11257.0,9466.0,7931.0,6652.0
152,21.0,1.0,2.0,20.0,22658.0,23171.0,23940.0,24965.0,26246.0
153,20.0,1.0,2.0,19.0,24844.0,27917.0,31246.0,2063.0,5904.0
154,18.0,1.0,2.0,18.0,19862.0,25495.0,31384.0,4761.0,11162.0
155,20.0,1.0,2.0,20.0,18469.0,27942.0,4903.0,14888.0,25129.0
156,19.0,1.0,2.0,19.0,9140.0,22453.0,3254.0,17079.0,31160.0
157,22.0,1.0,2.0,22.0,8254.0,24127.0,7488.0,23873.0,7746.0
158,19.0,1.0,2.0,19.0,200.0,18633.0,4554.0,23499.0,9932.0
159,20.0,1.0,2.0,21.0,17746.0,5971.0,27220.0,15957.0,4950.0
160,18.0,1.0,2.0,19.0,28124.0,18909.0,9950.0,1247.0,25568.0
161,21.0,1.0,2.0,22.0,619.0,28012.0,22893.0,18030.0,13423.0
162,20.0,1.0,2.0,19.0,9461.0,6646.0,4087.0,1784.0,32505.0
163,20.0,1.0,2.0,19.0,11135.0,10880.0,10881.0,11138.0,11651.0
164,18.0,1.0,2.0,18.0,5641.0,7946.0,10507.0,13324.0,16397.0
165,22.0,1.0,2.0,22.0,25747.0,30612.0,2965.0,8342.0,13975.0
166,20.0,1.0,2.0,20.0,5917.0,13342.0,21023.0,28960.0,4385.0
167,21.0,1.0,2.0,23.0,11687.0,21672.0,31913.0,9642.0,20395.0
168,18.0,1.0,2.0,18.0,10038.0,23863.0,5176.0,19513.0,1338.0
169,21.0,1.0,2.0,22.0,14272.0,30657.0,14530.0,31427.0,15812.0
170,19.0,1.0,2.0,20.0,11338.0,30283.0,16716.0,3405.0,23118.0
171,22.0,1.0,2.0,21.0,13017.0,3034.0,26075.0,16604.0,7389.0
172,20.0,1.0,2.0,20.0,8547.0,1124.0,26725.0,19814.0,13159.0
173,20.0,1.0,2.0,20.0,29677.0,24814.0,20207.0,15856.0,11761.0
174,20.0,1.0,2.0,19.0,10871.0,8568.0,6521.0,4730.0,3195.0
175,21.0,1.0,2.0,21.0,17665.0,17922.0,18435.0,19204.0,20229.0
176,20.0,1.0,2.0,19.0,1168.0,5265.0,9618.0,14227.0,19092.0
177,23.0,1.0,2.0,22.0,6426.0,13083.0,19996.0,27165.0,1822.0
178,19.0,1.0,2.0,18.0,4516.0,13733.0,23206.0,167.0,10152.0
179,21.0,1.0,2.0,21.0,28206.0,7215.0,19248.0,31537.0,11314.0
180,20.0,1.0,2.0,20.0,20669.0,3518.0,19391.0,2752.0,19137.0
181,22.0,1.0,2.0,22.0,10055.0,28232.0,13897.0,32586.0,18763.0
182,20.0,1.0,2.0,20.0,25041.0,13010.0,1235.0,22484.0,11221.0
183,21.0,1.0,2.0,21.0,91.0,23388.0,14173.0,5214.0,29279.0
184,19.0,1.0,2.0,19.0,741.0,26598.0,19943.0,13544.0,7401.0
185,22.0,1.0,2.0,21.0,7796.0,4725.0,1910.0,32119.0,29816.0
186,20.0,1.0,2.0,20.0,6910.0,6399.0,6144.0,6145.0,6402.0
187,22.0,1.0,2.0,22.0,31624.0,905.0,3210.0,5771.0,8588.0
188,18.0,1.0,2.0,18.0,16402.0,21011.0,25876.0,30997.0,3606.0
189,21.0,1.0,2.0,21.0,26780.0,1181.0,8606.0,16287.0,24224.0
190,20.0,1.0,2.0,19.0,29990.0,6951.0,16936.0,27177.0,4906.0
191,22.0,1.0,2.0,21.0,24501.0,5302.0,19127.0,440.0,14777.0
192,20.0,1.0,2.0,20.0,26175.0,9536.0,25921.0,9794.0,26691.0
193,21.0,1.0,2.0,21.0,18382.0,5583.0,25808.0,13521.0,1490.0
194,19.0,1.0,2.0,18.0,18520.0,8281.0,31066.0,21339.0,11868.0
195,20.0,1.0,2.0,21.0,11490.0,3811.0,29156.0,21989.0,15078.0
196,19.0,1.0,2.0,20.0,30060.0,24941.0,20078.0,15471.0,11120.0
197,23.0,1.0,2.0,22.0,8694.0,6135.0,3832.0,1785.0,32762.0
198,18.0,1.0,2.0,19.0,15493.0,16774.0,18311.0,20104.0,22153.0
199,20.0,1.0,2.0,21.0,25359.0,29200.0,529.0,4882.0,9491.0
200,20.0,1.0,2.0,19.0,28057.0,1690.0,8347.0,15260.0,22429.0
201,22.0,1.0,2.0,21.0,23587.0,32548.0,8997.0,18470.0,28199.0
202,16.0,1.0,2.0,21.0,11949.0,23470.0,2479.0,14512.0,26801.0
203,12.0,1.0,2.0,1.0,572.0,15933.0,31550.0,14655.0,30784.0
204,18.0,1.0,2.0,12.0,20166.0,5319.0,23496.0,9161.0,27850.0
205,14.0,1.0,2.0,15.0,32592.0,20305.0,8274.0,29267.0,17748.0
206,15.0,1.0,2.0,15.0,5082.0,28123.0,18652.0,9437.0,478.0
207,14.0,1.0,2.0,14.0,3172.0,28773.0,21862.0,15207.0,8808.0
208,13.0,1.0,2.0,14.0,26862.0,22255.0,17904.0,13809.0,9970.0
209,12.0,1.0,2.0,13.0,2941.0,2174.0,1663.0,1408.0,1409.0
210,13.0,1.0,2.0,12.0,25095.0,26888.0,28937.0,31242.0,1035.0
211,13.0,1.0,2.0,14.0,7313.0,11666.0,16275.0,21140.0,26261.0
212,12.0,1.0,2.0,12.0,15131.0,22044.0,29213.0,3870.0,11551.0
213,15.0,1.0,2.0,16.0,15781.0,25254.0,2215.0,12200.0,22441.0
214,14.0,1.0,2.0,14.0,9263.0,21296.0,817.0,13362.0,26163.0
215,14.0,1.0,2.0,15.0,5566.0,21439.0,4800.0,21185.0,5058.0
216,14.0,1.0,2.0,15.0,30280.0,15945.0,1866.0,20811.0,7244.0
217,13.0,1.0,2.0,13.0,24279.0,13784.0,3545.0,26330.0,16603.0
218,13.0,1.0,2.0,13.0,14689.0,6754.0,31843.0,24420.0,17253.0
219,11.0,1.0,2.0,12.0,30699.0,25324.0,20205.0,15342.0,10735.0
220,11.0,1.0,2.0,12.0,6773.0,3958.0,1399.0,31864.0,29817.0
221,15.0,1.0,2.0,16.0,8447.0,8192.0,8193.0,8450.0,8963.0
222,14.0,1.0,2.0,15.0,2953.0,5258.0,7819.0,10636.0,13709.0
223,13.0,1.0,2.0,14.0,23059.0,27924.0,277.0,5654.0,11287.0
224,13.0,1.0,2.0,12.0,10146.0,18851.0,27812.0,4261.0,13734.0
225,13.0,1.0,2.0,14.0,28716.0,7213.0,18734.0,30511.0,9776.0
226,14.0,1.0,2.0,14.0,7350.0,21175.0,2488.0,16825.0,31418.0
227,12.0,1.0,2.0,12.0,30533.0,15430.0,583.0,18760.0,4425.0
228,12.0,1.0,2.0,13.0,7631.0,27856.0,15569.0,3538.0,24531.0
229,13.0,1.0,2.0,15.0,10329.0,346.0,23387.0,13916.0,4701.0
230,14.0,1.0,2.0,15.0,5859.0,31204.0,24037.0,17126.0,10471.0
231,15.0,1.0,2.0,16.0,26989.0,22126.0,17519.0,13168.0,9073.0
232,13.0,1.0,2.0,14.0,8183.0,5880.0,3833.0,2042.0,507.0
233,14.0,1.0,2.0,14.0,14977.0,15234.0,15747.0,16516.0,17541.0
234,12.0,1.0,2.0,13.0,14603.0,17420.0,20493.0,23822.0,27407.0
235,12.0,1.0,2.0,13.0,7061.0,12438.0,18071.0,23960.0,30105.0
236,13.0,1.0,2.0,13.0,1828.0,11045.0,20518.0,30247.0,7464.0
237,14.0,1.0,2.0,15.0,25518.0,4527.0,16560.0,28849.0,8626.0
238,14.0,1.0,2.0,15.0,17981.0,830.0,16703.0,64.0,16449.0
239,12.0,1.0,2.0,13.0,7367.0,25544.0,11209.0,29898.0,16075.0
240,14.0,1.0,2.0,13.0,22353.0,10322.0,31315.0,19796.0,8533.0
241,14.0,1.0,2.0,14.0,30171.0,20700.0,11485.0,2526.0,26591.0
242,12.0,1.0,2.0,13.0,31594.0,25963.0,20588.0,15469.0,10606.0
243,12.0,1.0,2.0,12.0,24303.0,19952.0,15857.0,12018.0,8435.0
244,12.0,1.0,2.0,11.0,4222.0,3711.0,3456.0,3457.0,3714.0
245,15.0,1.0,2.0,15.0,28936.0,30985.0,522.0,3083.0,5900.0
246,15.0,1.0,2.0,15.0,13714.0,18323.0,23188.0,28309.0,918.0
247,15.0,1.0,2.0,15.0,24092.0,31261.0,5918.0,13599.0,21536.0
248,13.0,1.0,2.0,14.0,27302.0,4263.0,14248.0,24489.0,2218.0
249,13.0,1.0,2.0,13.0,23344.0,2865.0,15410.0,28211.0,8500.0
250,12.0,1.0,2.0,13.0,23487.0,6848.0,23233.0,7106.0,24003.0
251,13.0,1.0,2.0,14.0,17993.0,3914.0,22859.0,9292.0,28749.0
252,11.0,1.0,2.0,12.0,5331.0,26580.0,15317.0,4310.0,26327.0
253,14.0,1.0,2.0,16.0,18269.0,9310.0,607.0,24928.0,16737.0
254,14.0,1.0,2.0,14.0,24039.0,17640.0,11497.0,5610.0,32747.0
255,14.0,1.0,2.0,14.0,22641.0,18802.0,15219.0,11892.0,8821.0
256,15.0,1.0,2.0,14.0,14075.0,12796.0,11773.0,11006.0,10495.0
257,13.0,1.0,2.0,13.0,31109.0,32390.0,1159.0,2952.0,5001.0
258,12.0,1.0,2.0,13.0,8207.0,12048.0,16145.0,20498.0,25107.0
259,11.0,1.0,2.0,12.0,12702.0,20383.0,28320.0,3745.0,12194.0
260,12.0,1.0,2.0,12.0,21032.0,31273.0,9002.0,19755.0,30764.0
261,16.0,1.0,2.0,16.0,22194.0,2227.0,15284.0,28597.0,9398.0
262,14.0,1.0,2.0,16.0,30017.0,13890.0,30787.0,15172.0,32581.0
263,14.0,1.0,2.0,14.0,29643.0,16076.0,2765.0,22478.0,9679.0
264,13.0,1.0,2.0,13.0,2394.0,25435.0,15964.0,6749.0,30558.0
265,12.0,1.0,2.0,14.0,484.0,26085.0,19174.0,12519.0,6120.0
266,14.0,1.0,2.0,13.0,24174.0,19567.0,15216.0,11121.0,7282.0
267,12.0,1.0,2.0,12.0,7928.0,5881.0,4090.0,2555.0,1276.0
268,11.0,1.0,2.0,12.0,17282.0,17795.0,18564.0,19589.0,20870.0
269,13.0,1.0,2.0,15.0,4625.0,8978.0,13587.0,18452.0,23573.0
270,14.0,1.0,2.0,15.0,12443.0,19356.0,26525.0,1182.0,8863.0
271,15.0,1.0,2.0,15.0,13093.0,22566.0,32295.0,9512.0,19753.0
272,14.0,1.0,2.0,13.0,6575.0,18608.0,30897.0,10674.0,23475.0
273,13.0,1.0,2.0,13.0,2878.0,18751.0,2112.0,18497.0,2370.0
274,13.0,1.0,2.0,13.0,27592.0,13257.0,31946.0,18123.0,4556.0
275,13.0,1.0,2.0,13.0,21591.0,11096.0,857.0,23642.0,13915.0
276,13.0,1.0,2.0,13.0,12001.0,4066.0,29155.0,21732.0,14565.0
277,14.0,1.0,2.0,15.0,28011.0,22636.0,17517.0,12654.0,8047.0
278,14.0,1.0,2.0,15.0,4085.0,1270.0,31479.0,29176.0,27129.0
279,13.0,1.0,2.0,13.0,5759.0,5504.0,5505.0,5762.0,6275.0
280,13.0,1.0,2.0,14.0,265.0,2570.0,5131.0,7948.0,11021.0
281,14.0,1.0,2.0,14.0,14488.0,20633.0,27034.0,923.0,7836.0
282,12.0,1.0,2.0,13.0,7458.0,16163.0,25124.0,1573.0,11046.0
283,13.0,1.0,2.0,12.0,26028.0,4525.0,16046.0,27823.0,7088.0
284,12.0,1.0,2.0,12.0,10811.0,25916.0,8509.0,24126.0,7231.0
285,13.0,1.0,2.0,15.0,27845.0,12742.0,30663.0,16072.0,1737.0
286,14.0,1.0,2.0,15.0,4943.0,25168.0,12881.0,850.0,21843.0
287,13.0,1.0,2.0,14.0,25822.0,17119.0,8672.0,481.0,25314.0
288,13.0,1.0,2.0,14.0,1384.0,28009.0,22122.0,16491.0,11116.0
289,12.0,1.0,2.0,13.0,2546.0,31731.0,28404.0,25333.0,22518.0
290,13.0,1.0,2.0,12.0,29308.0,28285.0,27518.0,27007.0,26752.0
291,13.0,1.0,2.0,13.0,16134.0,17671.0,19464.0,21513.0,23818.0
292,12.0,1.0,2.0,12.0,28560.0,32657.0,4242.0,8851.0,13716.0
293,14.0,1.0,2.0,15.0,1050.0,7707.0,14620.0,21789.0,29214.0
294,13.0,1.0,2.0,14.0,15017.0,25514.0,3499.0,14508.0,25773.0
295,14.0,1.0,2.0,15.0,18739.0,31796.0,12341.0,25910.0,6967.0
296,14.0,1.0,2.0,15.0,30402.0,14531.0,31684.0,16325.0,1222.0
297,13.0,1.0,2.0,13.0,32588.0,19277.0,6222.0,26191.0,13648.0
298,13.0,1.0,2.0,13.0,27606.0,16855.0,6360.0,28889.0,18906.0
299,12.0,1.0,2.0,12.0,15456.0,7265.0,32098.0,24419.0,16996.0
300,13.0,1.0,2.0,12.0,28906.0,23275.0,17900.0,12781.0,7918.0
301,16.0,1.0,2.0,17.0,2420.0,32117.0,29302.0,26743.0,24440.0
302,14.0,1.0,2.0,16.0,1539.0,2308.0,3333.0,4614.0,6151.0
303,15.0,1.0,2.0,27.0,6285.0,9614.0,13199.0,17040.0,21137.0
304,8.0,1.0,2.0,24.0,3863.0,9752.0,15897.0,22298.0,28955.0
305,-15.0,1.0,2.0,7.0,27041.0,2722.0,11427.0,20388.0,29605.0
306,-20.0,1.0,2.0,-7.0,10283.0,21292.0,32557.0,11310.0,23087.0
307,-18.0,1.0,2.0,-17.0,23994.0,6075.0,21180.0,3773.0,19390.0
308,-18.0,1.0,2.0,-18.0,5700.0,23109.0,8006.0,25927.0,11336.0
309,-18.0,1.0,2.0,-14.0,13006.0,207.0,20432.0,8145.0,28882.0
310,-17.0,1.0,2.0,-14.0,13144.0,2905.0,25690.0,15963.0,6492.0
311,-17.0,1.0,2.0,-14.0,3047.0,29416.0,23273.0,17386.0,11755.0
312,-18.0,1.0,2.0,-15.0,1649.0,30578.0,26995.0,23668.0,20597.0
313,-19.0,1.0,2.0,-17.0,25851.0,24572.0,23549.0,22782.0,22271.0
314,-18.0,1.0,2.0,-17.0,10117.0,11398.0,12935.0,14728.0,16777.0
315,-17.0,1.0,2.0,-17.0,19983.0,23824.0,27921.0,32274.0,4115.0
316,-18.0,1.0,2.0,-17.0,24478.0,32159.0,7328.0,15521.0,23970.0
317,-17.0,1.0,2.0,-13.0,40.0,10281.0,20778.0,31531.0,9772.0
318,-18.0,1.0,2.0,-15.0,1202.0,14003.0,27060.0,7605.0,21174.0
319,-18.0,1.0,2.0,-15.0,27964.0,10557.0,26174.0,9279.0,25408.0
320,-17.0,1.0,2.0,-15.0,8651.0,27852.0,14541.0,1486.0,21455.0
321,-17.0,1.0,2.0,-15.0,1109.0,22870.0,12119.0,1624.0,24153.0
322,-18.0,1.0,2.0,-18.0,19167.0,10720.0,2529.0,27362.0,19683.0
323,-19.0,1.0,2.0,-18.0,30057.0,24170.0,18539.0,13164.0,8045.0
324,-17.0,1.0,2.0,-17.0,1011.0,30452.0,27381.0,24566.0,22007.0
325,-17.0,1.0,2.0,-14.0,29058.0,29571.0,30340.0,31365.0,32646.0
326,-16.0,1.0,2.0,-14.0,31244.0,1549.0,4878.0,8463.0,12304.0
327,-18.0,1.0,2.0,-14.0,26262.0,31895.0,5016.0,11161.0,17562.0
328,-19.0,1.0,2.0,-16.0,14112.0,22305.0,30754.0,6691.0,15652.0
329,-19.0,1.0,2.0,-17.0,27562.0,5547.0,16556.0,27821.0,6574.0
330,-19.0,1.0,2.0,-17.0,4665.0,19258.0,1339.0,16444.0,31805.0
331,-17.0,1.0,2.0,-16.0,16579.0,964.0,18373.0,3270.0,21191.0
332,-18.0,1.0,2.0,-18.0,21325.0,8270.0,28239.0,15696.0,3409.0
333,-17.0,1.0,2.0,-14.0,1756.0,25309.0,16350.0,7647.0,31968.0
334,-18.0,1.0,2.0,-15.0,4966.0,31079.0,24680.0,18537.0,12650.0
335,-17.0,1.0,2.0,-14.0,1008.0,29681.0,25842.0,22259.0,18932.0
336,-17.0,1.0,2.0,-14.0,22650.0,21115.0,19836.0,18813.0,18046.0
337,-18.0,1.0,2.0,-16.0,4356.0,5381.0,6662.0,8199.0,9992.0
338,-17.0,1.0,2.0,-17.0,32147.0,4244.0,9365.0,14742.0,20375.0
339,-18.0,1.0,2.0,-18.0,12317.0,19742.0,27423.0,2592.0,10785.0
340,-18.0,1.0,2.0,-18.0,18087.0,28072.0,5545.0,16042.0,26795.0
341,-17.0,1.0,2.0,-13.0,16689.0,29234.0,9267.0,22324.0,2869.0
342,-17.0,1.0,2.0,-14.0,8123.0,23228.0,5821.0,21438.0,4543.0
343,-19.0,1.0,2.0,-16.0,17738.0,3915.0,23116.0,9805.0,29518.0
344,-19.0,1.0,2.0,-15.0,7636.0,29141.0,18134.0,7383.0,29656.0
345,-18.0,1.0,2.0,-16.0,23134.0,14431.0,5984.0,30561.0,22626.0
346,-18.0,1.0,2.0,-16.0,3309.0,31214.0,26607.0,22256.0,18161.0
347,-18.0,1.0,2.0,-18.0,17271.0,14968.0,12921.0,11130.0,9595.0
348,-18.0,1.0,2.0,-19.0,24065.0,24322.0,24835.0,25604.0,26629.0
349,-18.0,1.0,2.0,-14.0,23691.0,26508.0,29581.0,142.0,3727.0
350,-17.0,1.0,2.0,-14.0,12826.0,19483.0,26396.0,797.0,8222.0
351,-17.0,1.0,2.0,-14.0,10916.0,20133.0,29606.0,6567.0,16552.0
352,-19.0,1.0,2.0,-15.0,1838.0,13615.0,25648.0,5169.0,17714.0
353,-19.0,1.0,2.0,-17.0,18360.0,32697.0,14522.0,29371.0,11708.0
354,-18.0,1.0,2.0,-17.0,16455.0,1864.0,20297.0,6218.0,25163.0
355,-17.0,1.0,2.0,-17.0,31441.0,19410.0,7635.0,28884.0,17621.0
356,-17.0,1.0,2.0,-17.0,27232.0,19041.0,11106.0,3427.0,28772.0
357,-16.0,1.0,2.0,-13.0,7914.0,2283.0,29676.0,24557.0,19694.0
358,-18.0,1.0,2.0,-15.0,14196.0,11125.0,8310.0,5751.0,3448.0
359,-18.0,1.0,2.0,-15.0,13310.0,12799.0,12544.0,12545.0,12802.0
360,-17.0,1.0,2.0,-16.0,5256.0,7305.0,9610.0,12171.0,14988.0
361,-18.0,1.0,2.0,-15.0,15639.0,21528.0,27673.0,1306.0,7963.0
362,-19.0,1.0,2.0,-17.0,412.0,7581.0,15006.0,22687.0,30624.0
363,-19.0,1.0,2.0,-18.0,22059.0,300.0,11565.0,23086.0,2095.0
364,-18.0,1.0,2.0,-18.0,30901.0,11702.0,25527.0,6840.0,21177.0
365,-17.0,1.0,2.0,-15.0,32575.0,15936.0,32321.0,16194.0,323.0
366,-17.0,1.0,2.0,-14.0,27081.0,13002.0,31947.0,18380.0,5069.0
367,-18.0,1.0,2.0,-15.0,24920.0,14681.0,4698.0,27739.0,18268.0
368,-19.0,1.0,2.0,-16.0,17890.0,10211.0,2788.0,28389.0,21478.0
369,-18.0,1.0,2.0,-16.0,3692.0,31341.0,26478.0,21871.0,17520.0
370,-18.0,1.0,2.0,-17.0,15094.0,12535.0,10232.0,8185.0,6394.0
371,-17.0,1.0,2.0,-16.0,19328.0,19329.0,19586.0,20099.0,20868.0
372,-16.0,1.0,2.0,-12.0,31759.0,2832.0,6929.0,11282.0,15891.0
373,-18.0,1.0,2.0,-14.0,1689.0,8090.0,14747.0,21660.0,28829.0
374,-17.0,1.0,2.0,-14.0,29987.0,6180.0,15397.0,24870.0,1831.0
375,-17.0,1.0,2.0,-14.0,18349.0,29870.0,8879.0,20912.0,433.0
376,-17.0,1.0,2.0,-14.0,6972.0,22333.0,5182.0,21055.0,4416.0
377,-19.0,1.0,2.0,-16.0,26566.0,11719.0,29896.0,15561.0,1482.0
378,-18.0,1.0,2.0,-17.0,12885.0,1878.0,23895.0,13400.0,3161.0
379,-18.0,1.0,2.0,-18.0,30943.0,22496.0,14305.0,6370.0,31459.0
380,-18.0,1.0,2.0,-18.0,9065.0,3178.0,30315.0,24940.0,19821.0
381,-15.0,1.0,2.0,-13.0,12787.0,9460.0,6389.0,3574.0,1015.0
382,-17.0,1.0,2.0,-14.0,9341.0,8574.0,8063.0,7808.0,7809.0
383,-20.0,1.0,2.0,-15.0,31495.0,520.0,2569.0,4874.0,7435.0
384,-18.0,1.0,2.0,-16.0,5270.0,10903.0,16792.0,22937.0,29338.0
385,-17.0,1.0,2.0,-16.0,25888.0,1313.0,9762.0,18467.0,27428.0
386,-17.0,1.0,2.0,-15.0,6570.0,17323.0,28332.0,6829.0,18350.0
387,-18.0,1.0,2.0,-17.0,12852.0,26165.0,6966.0,20791.0,2104.0
388,-19.0,1.0,2.0,-18.0,11966.0,27839.0,11200.0,27585.0,11458.0
389,-16.0,1.0,2.0,-14.0,333.0,20046.0,7247.0,27472.0,15185.0
390,-17.0,1.0,2.0,-14.0,30679.0,20184.0,9945.0,32730.0,23003.0
391,-16.0,1.0,2.0,-19.0,21089.0,13154.0,5475.0,30820.0,23653.0
392,-18.0,1.0,2.0,-27.0,12784.0,8689.0,4850.0,1267.0,30708.0
